name, title, description
amour.jpg,,
autoretrato artificial.png,,
autoretrato.jpg,,
baila.jpg,,
bonjour.jpg,,
cabeza guitarra.jpg,,
calibre.jpg,,
celestia.jpeg,,
come de la manzana.jpg,,
conneries.jpg,,
Cort_azar.jpg,,
cuadrados.jpg,,
cuadro.jpg,,
egon gone n1.jpg,,
el cuerpo.jpg,,
el esqueleto.jpg,,
el grito 2.jpg,,
el hombre incrustado.jpeg,,
el payaso martillo escabador.jpg,,
el pelo verde.jpg,,
el tercer ojo 1.jpg,,
el tercer ojo 2.jpg,,
improlija.jpg,,
jesus incrustado en saturno y lim√≥n.jpg,,
la selva.jpg,,
las rocas.jpg,,
la teoria del apego III.jpeg,,
la teoria del apego II.jpeg,,
la teoria del apego IV.jpeg,,
limon expuesto.jpg,,
los dientes.jpg,,
los siameses.jpg,,
mano.jpg,,
marga.jpg,,
MONDE.jpg,,
montes: los amantes.jpg,,
mujeres sin brazos.jpg,,
puta.jpg,,
st 2.jpg,,
st.jpeg,,
y bosque.jpg,,