title,iframe

Beyond Of Line w/ merma suelo & Nicole Luján Mixdown ar Refuge Worldwide ,"<iframe width="100%" height="300" scrolling="no" frameborder="no" allow="autoplay" src="https://w.soundcloud.com/player/?url=https%3A//api.soundcloud.com/tracks/1928830133&color=%232045bd&auto_play=false&hide_related=false&show_comments=true&show_user=true&show_reposts=false&show_teaser=true&visual=true"></iframe><div style="font-size: 10px; color: #cccccc;line-break: anywhere;word-break: normal;overflow: hidden;white-space: nowrap;text-overflow: ellipsis; font-family: Interstate,Lucida Grande,Lucida Sans Unicode,Lucida Sans,Garuda,Verdana,Tahoma,sans-serif;font-weight: 100;"><a href="https://soundcloud.com/berenicellorens" title="berenice/lorens" target="_blank" style="color: #cccccc; text-decoration: none;">berenice/lorens</a> · <a href="https://soundcloud.com/berenicellorens/beyond-of-line-berenice-llorens-nicole-lujan-merma-suelo-26-sep-2024" title="Beyond Of Line - Berenice Llorens, Nicole Luján &amp; Merma Suelo - 26 Sep 2024" target="_blank" style="color: #cccccc; text-decoration: none;">Beyond Of Line - Berenice Llorens, Nicole Luján &amp; Merma Suelo - 26 Sep 2024</a></div>"
Beyond Of Line w/ Nicole L’Huillier Mixdown at Refuge Worldwide Radio ,"<iframe width="100%" height="300" scrolling="no" frameborder="no" allow="autoplay" src="https://w.soundcloud.com/player/?url=https%3A//api.soundcloud.com/tracks/1906023266&color=%23ff5500&auto_play=false&hide_related=false&show_comments=true&show_user=true&show_reposts=false&show_teaser=true&visual=true"></iframe><div style="font-size: 10px; color: #cccccc;line-break: anywhere;word-break: normal;overflow: hidden;white-space: nowrap;text-overflow: ellipsis; font-family: Interstate,Lucida Grande,Lucida Sans Unicode,Lucida Sans,Garuda,Verdana,Tahoma,sans-serif;font-weight: 100;"><a href="https://soundcloud.com/berenicellorens" title="berenice/lorens" target="_blank" style="color: #cccccc; text-decoration: none;">berenice/lorens</a> · <a href="https://soundcloud.com/berenicellorens/beyond-of-line-berenice-llorens-nicole-lhuillier-mixdown" title="Beyond Of Line - Berenice Llorens &amp; Nicole L’Huillier Mixdown" target="_blank" style="color: #cccccc; text-decoration: none;">Beyond Of Line - Berenice Llorens &amp; Nicole L’Huillier Mixdown</a></div>
Beyond Of Line w/ VÍZ (Réka Csiszér) Mixdown at Refuge Worldwide Radio ,"<iframe width="100%" height="300" scrolling="no" frameborder="no" allow="autoplay" src="https://w.soundcloud.com/player/?url=https%3A//api.soundcloud.com/tracks/1781109243&color=%23ff5500&auto_play=false&hide_related=false&show_comments=true&show_user=true&show_reposts=false&show_teaser=true&visual=true"></iframe><div style="font-size: 10px; color: #cccccc;line-break: anywhere;word-break: normal;overflow: hidden;white-space: nowrap;text-overflow: ellipsis; font-family: Interstate,Lucida Grande,Lucida Sans Unicode,Lucida Sans,Garuda,Verdana,Tahoma,sans-serif;font-weight: 100;"><a href="https://soundcloud.com/berenicellorens" title="berenice/lorens" target="_blank" style="color: #cccccc; text-decoration: none;">berenice/lorens</a> · <a href="https://soundcloud.com/berenicellorens/beyond-of-line-berenice-llorens-viz-reka-csiszer-14-mar-2024" title="Beyond Of Line - Berenice Llorens &amp; VÍZ (Réka Csiszér) - 14 Mar 2024" target="_blank" style="color: #cccccc; text-decoration: none;">Beyond Of Line - Berenice Llorens &amp; VÍZ (Réka Csiszér) - 14 Mar 2024</a></div>
Beyond Of Line w/ Hexorcismos Mixdownat Refuge Worldwide Radio ,"<iframe width="100%" height="300" scrolling="no" frameborder="no" allow="autoplay" src="https://w.soundcloud.com/player/?url=https%3A//api.soundcloud.com/tracks/1727164770&color=%23ff5500&auto_play=false&hide_related=false&show_comments=true&show_user=true&show_reposts=false&show_teaser=true&visual=true"></iframe><div style="font-size: 10px; color: #cccccc;line-break: anywhere;word-break: normal;overflow: hidden;white-space: nowrap;text-overflow: ellipsis; font-family: Interstate,Lucida Grande,Lucida Sans Unicode,Lucida Sans,Garuda,Verdana,Tahoma,sans-serif;font-weight: 100;"><a href="https://soundcloud.com/berenicellorens" title="berenice/lorens" target="_blank" style="color: #cccccc; text-decoration: none;">berenice/lorens</a> · <a href="https://soundcloud.com/berenicellorens/beyond-of-line-berenice-llorens-hexorcismos-mixdown" title="Beyond Of Line w/ Hexorcismos @Refuge Worldwide Radio Mixdown" target="_blank" style="color: #cccccc; text-decoration: none;">Beyond Of Line w/ Hexorcismos @Refuge Worldwide Radio Mixdown</a></div>"
Beyond of_line - Berenice Llorens at Refuge Worldwide ,"<iframe width="100%" height="300" scrolling="no" frameborder="no" allow="autoplay" src="https://w.soundcloud.com/player/?url=https%3A//api.soundcloud.com/tracks/1661612403&color=%23ff5500&auto_play=false&hide_related=false&show_comments=true&show_user=true&show_reposts=false&show_teaser=true&visual=true"></iframe><div style="font-size: 10px; color: #cccccc;line-break: anywhere;word-break: normal;overflow: hidden;white-space: nowrap;text-overflow: ellipsis; font-family: Interstate,Lucida Grande,Lucida Sans Unicode,Lucida Sans,Garuda,Verdana,Tahoma,sans-serif;font-weight: 100;"><a href="https://soundcloud.com/refugeworldwide" title="Refuge Worldwide" target="_blank" style="color: #cccccc; text-decoration: none;">Refuge Worldwide</a> · <a href="https://soundcloud.com/refugeworldwide/beyond-of_line-berenice" title="Beyond of_line - Berenice Llorens - 09 Nov 2023" target="_blank" style="color: #cccccc; text-decoration: none;">Beyond of_line - Berenice Llorens - 09 Nov 2023</a></div>"
Beyond Of Line w/ Anna Butter at Refuge Worldwide  ,"<iframe width="100%" height="300" scrolling="no" frameborder="no" allow="autoplay" src="https://w.soundcloud.com/player/?url=https%3A//api.soundcloud.com/tracks/1626611283&color=%23ff5500&auto_play=false&hide_related=false&show_comments=true&show_user=true&show_reposts=false&show_teaser=true&visual=true"></iframe><div style="font-size: 10px; color: #cccccc;line-break: anywhere;word-break: normal;overflow: hidden;white-space: nowrap;text-overflow: ellipsis; font-family: Interstate,Lucida Grande,Lucida Sans Unicode,Lucida Sans,Garuda,Verdana,Tahoma,sans-serif;font-weight: 100;"><a href="https://soundcloud.com/berenicellorens" title="berenice/lorens" target="_blank" style="color: #cccccc; text-decoration: none;">berenice/lorens</a> · <a href="https://soundcloud.com/berenicellorens/beyond-of-line-berenice-llorens-anna-butter-mixdown" title="Beyond Of Line - Berenice Llorens, Anna Butter Mixdown" target="_blank" style="color: #cccccc; text-decoration: none;">Beyond Of Line - Berenice Llorens, Anna Butter Mixdown</a></div>"
Beyond Of Line_07 at Refuge Worldwide ,"<iframe width="100%" height="300" scrolling="no" frameborder="no" allow="autoplay" src="https://w.soundcloud.com/player/?url=https%3A//api.soundcloud.com/tracks/1550617057&color=%23ff5500&auto_play=false&hide_related=false&show_comments=true&show_user=true&show_reposts=false&show_teaser=true&visual=true"></iframe><div style="font-size: 10px; color: #cccccc;line-break: anywhere;word-break: normal;overflow: hidden;white-space: nowrap;text-overflow: ellipsis; font-family: Interstate,Lucida Grande,Lucida Sans Unicode,Lucida Sans,Garuda,Verdana,Tahoma,sans-serif;font-weight: 100;"><a href="https://soundcloud.com/berenicellorens" title="berenice/lorens" target="_blank" style="color: #cccccc; text-decoration: none;">berenice/lorens</a> · <a href="https://soundcloud.com/berenicellorens/beyond-of-line-7-berenice-llorens-anastave-mixdown" title="Beyond Of Line 7 - Berenice Llorens - Anastave Mixdown" target="_blank" style="color: #cccccc; text-decoration: none;">Beyond Of Line 7 - Berenice Llorens - Anastave Mixdown</a></div>"
Beyond Of Line_06 at Refuge Worldwide ,"<iframe width="100%" height="300" scrolling="no" frameborder="no" allow="autoplay" src="https://w.soundcloud.com/player/?url=https%3A//api.soundcloud.com/tracks/1509161710&color=%23ff5500&auto_play=false&hide_related=false&show_comments=true&show_user=true&show_reposts=false&show_teaser=true&visual=true"></iframe><div style="font-size: 10px; color: #cccccc;line-break: anywhere;word-break: normal;overflow: hidden;white-space: nowrap;text-overflow: ellipsis; font-family: Interstate,Lucida Grande,Lucida Sans Unicode,Lucida Sans,Garuda,Verdana,Tahoma,sans-serif;font-weight: 100;"><a href="https://soundcloud.com/berenicellorens" title="berenice/lorens" target="_blank" style="color: #cccccc; text-decoration: none;">berenice/lorens</a> · <a href="https://soundcloud.com/berenicellorens/beyond-of-line-berenice-llorens-nati-cerutti-mixdown" title="Beyond Of Line - Berenice Llorens - Nati Cerutti Mixdown" target="_blank" style="color: #cccccc; text-decoration: none;">Beyond Of Line - Berenice Llorens - Nati Cerutti Mixdown</a></div>"
Beyond Of Line_03 at Refuge Worldwide ,"<iframe width="100%" height="300" scrolling="no" frameborder="no" allow="autoplay" src="https://w.soundcloud.com/player/?url=https%3A//api.soundcloud.com/tracks/1451985754&color=%23ff5500&auto_play=false&hide_related=false&show_comments=true&show_user=true&show_reposts=false&show_teaser=true&visual=true"></iframe><div style="font-size: 10px; color: #cccccc;line-break: anywhere;word-break: normal;overflow: hidden;white-space: nowrap;text-overflow: ellipsis; font-family: Interstate,Lucida Grande,Lucida Sans Unicode,Lucida Sans,Garuda,Verdana,Tahoma,sans-serif;font-weight: 100;"><a href="https://soundcloud.com/berenicellorens" title="berenice/lorens" target="_blank" style="color: #cccccc; text-decoration: none;">berenice/lorens</a> · <a href="https://soundcloud.com/berenicellorens/beyond-of-line-berenice-llorens-emme-moises-b2b-mixdown-at-refugeworldwide" title="Beyond Of Line - Berenice Llorens &amp; Emme Moises B2B Mixdown at @refugeworldwide" target="_blank" style="color: #cccccc; text-decoration: none;">Beyond Of Line - Berenice Llorens &amp; Emme Moises B2B Mixdown at @refugeworldwide</a></div>
Beyond Of Line_03 at Refuge Worldwide ,"<iframe width="100%" height="300" scrolling="no" frameborder="no" allow="autoplay" src="https://w.soundcloud.com/player/?url=https%3A//api.soundcloud.com/tracks/1425655996&color=%23ff5500&auto_play=false&hide_related=false&show_comments=true&show_user=true&show_reposts=false&show_teaser=true&visual=true"></iframe><div style="font-size: 10px; color: #cccccc;line-break: anywhere;word-break: normal;overflow: hidden;white-space: nowrap;text-overflow: ellipsis; font-family: Interstate,Lucida Grande,Lucida Sans Unicode,Lucida Sans,Garuda,Verdana,Tahoma,sans-serif;font-weight: 100;"><a href="https://soundcloud.com/berenicellorens" title="berenice/lorens" target="_blank" style="color: #cccccc; text-decoration: none;">berenice/lorens</a> · <a href="https://soundcloud.com/berenicellorens/beyond-of-line-berenice-llorens-annaground-izzy-izzi-bizzi-b2b-mixdown-at-refugeworldwide" title="Beyond Of Line - Berenice Llorens &amp; AnnaGround// Izzy  B2B Mixdown at @refugeworldwide" target="_blank" style="color: #cccccc; text-decoration: none;">Beyond Of Line - Berenice Llorens &amp; AnnaGround// Izzy  B2B Mixdown at @refugeworldwide</a></div>
Beyond Of Line_02 at Refuge Worldwide ,"<iframe width="100%" height="300" scrolling="no" frameborder="no" allow="autoplay" src="https://w.soundcloud.com/player/?url=https%3A//api.soundcloud.com/tracks/1397892370&color=%23ff5500&auto_play=false&hide_related=false&show_comments=true&show_user=true&show_reposts=false&show_teaser=true&visual=true"></iframe><div style="font-size: 10px; color: #cccccc;line-break: anywhere;word-break: normal;overflow: hidden;white-space: nowrap;text-overflow: ellipsis; font-family: Interstate,Lucida Grande,Lucida Sans Unicode,Lucida Sans,Garuda,Verdana,Tahoma,sans-serif;font-weight: 100;"><a href="https://soundcloud.com/berenicellorens" title="berenice/lorens" target="_blank" style="color: #cccccc; text-decoration: none;">berenice/lorens</a> · <a href="https://soundcloud.com/berenicellorens/beyond-of-line_02_berenice-llorens-at-refugeworldwide" title="Beyond Of Line_02 at @refugeworldwide" target="_blank" style="color: #cccccc; text-decoration: none;">Beyond Of Line_02 at @refugeworldwide</a></div>
Amplify Radio x Rea - Charla y DJ set ,"<iframe width="560" height="315" src="https://www.youtube.com/embed/KcAvoUc_Tzo" title="YouTube video player" frameborder="0" allow="accelerometer; autoplay; clipboard-write; encrypted-media; gyroscope; picture-in-picture" allowfullscreen></iframe>
